x1,x2,label
2.1935,3.6692,1
3.1971,2.6789,1
-1.8146,-1.8265,-1
-2.6071,-3.5999,-1
3.0946,2.9345,1
-3.1746,-3.4751,-1
-1.8089,-2.7628,-1
3.2453,2.8080,1
4.2133,2.1749,1
2.1006,1.5520,1
-3.7818,-3.5013,-1
-0.1759,-3.4373,-1
2.1882,1.3987,1
-1.6452,-2.3137,-1
-1.1170,-3.2895,-1
-3.1907,-2.6180,-1
4.2028,1.8429,1
-1.5471,-2.2898,-1
-1.2166,-2.8662,-1
-3.7653,-1.3192,-1
3.0431,2.5541,1
-3.2025,-2.7673,-1
3.0081,2.3222,1
1.9676,2.6857,1
2.1582,2.6268,1
-2.3382,-1.8245,-1
-2.1228,-1.6898,-1
-3.3499,-2.9236,-1
2.7313,3.0050,1
2.1237,1.9889,1
-1.2910,-1.9900,-1
-2.6962,-1.8781,-1
2.6139,3.0524,1
-4.2178,-2.6301,-1
1.3343,2.2443,1
3.4780,2.3764,1
-3.9062,-3.6736,-1
2.9258,2.7924,1
1.4776,2.6381,1
1.9882,1.7587,1
1.4055,3.8207,1
2.0902,1.8490,1
2.8740,1.8126,1
-0.4860,-0.9985,-1
3.8789,2.3564,1
2.2150,3.0900,1
-2.4575,-2.4999,-1
-2.2790,-3.6302,-1
2.9928,3.4032,1
3.2035,3.1222,1
2.3747,2.4674,1
2.3731,1.6715,1
3.2028,2.4601,1
-1.5758,-2.0130,-1
-2.0567,-0.6379,-1
-2.4137,-1.4524,-1
3.1708,1.7777,1
2.6302,2.9690,1
3.1722,1.1181,1
1.7400,2.2288,1
-2.3143,-2.9443,-1
2.8475,2.6902,1
1.8073,3.2746,1
2.2096,2.1946,1
-2.1159,-3.8957,-1
1.1537,2.2321,1
-2.3125,-2.2837,-1
2.0103,2.3874,1
2.1713,3.3850,1
3.0147,2.1843,1
1.4795,1.5934,1
-2.4424,-2.1689,-1
2.7508,3.1705,1
3.0323,2.4212,1
-3.0772,-2.2468,-1
3.0005,2.2525,1
-1.0435,-1.9154,-1
2.6861,2.5175,1
-3.1104,-3.3899,-1
-2.6000,-1.3148,-1
-3.6708,-2.9726,-1
-1.5581,-2.1487,-1
1.7531,2.3356,1
2.3521,1.9553,1
-2.5778,-0.8255,-1
2.6466,1.5204,1
-2.4276,-2.3174,-1
3.7633,2.6280,1
2.2799,3.6960,1
3.6706,1.5490,1
4.0974,4.8311,1
-3.0949,-3.1578,-1
3.3528,2.6256,1
1.7279,1.9198,1
-2.7621,-1.6978,-1
-0.7966,-3.5299,-1
0.9392,1.4583,1
2.5577,2.0764,1
-2.7946,-2.2268,-1
1.6144,1.7842,1
-1.1049,-2.1488,-1
-2.4275,-1.9848,-1
2.4088,1.8279,1
0.7944,2.7142,1
2.4570,3.9143,1
-2.2053,-1.8227,-1
-2.4755,-2.8873,-1
3.1864,2.3470,1
-2.7337,-2.5828,-1
-2.6641,-4.1028,-1
-2.5491,-3.3423,-1
-2.2890,-2.4580,-1
2.7438,1.6680,1
-1.8376,-2.7373,-1
-2.4468,-3.0579,-1
-2.6220,-2.1933,-1
2.8430,3.7286,1
-2.1483,-2.0806,-1
1.8496,2.1677,1
2.6023,2.2470,1
-1.2413,-2.1913,-1
2.4866,1.8176,1
1.7644,2.8977,1
2.6760,3.5874,1
-2.2475,-1.5353,-1
-2.2299,-1.3740,-1
2.5933,2.6750,1
3.7814,2.3085,1
2.1614,2.4362,1
-3.4376,-2.9146,-1
-2.4738,-3.4732,-1
3.1681,2.7855,1
-3.3774,-1.0305,-1
2.8846,2.8572,1
-2.3587,-3.3675,-1
-1.2070,-4.1506,-1
-1.7001,-3.3468,-1
2.1573,2.2183,1
-3.7576,-2.5536,-1
-2.6791,-2.3060,-1
-1.9384,-2.3894,-1
2.8198,1.7756,1
2.4051,2.7287,1
-1.3228,-4.5533,-1
-2.7016,-2.3779,-1
3.0690,3.1347,1
2.8315,1.7084,1
-2.7676,-1.4600,-1
-2.6895,-2.3588,-1
3.5448,2.6755,1
-2.8774,-2.1325,-1
-2.9568,-1.8490,-1
-1.8741,-2.6525,-1
2.8654,1.9705,1
2.1245,2.5100,1
-2.6905,-2.7131,-1
-3.0591,-3.3110,-1
-3.1826,-2.7299,-1
1.1603,2.1110,1
-3.0369,-2.2504,-1
-2.4909,-1.4368,-1
-1.1181,-3.7271,-1
2.6042,3.2862,1
2.0247,1.3432,1
1.4418,1.7022,1
-3.7810,-3.1353,-1
-4.1401,-2.5390,-1
-1.7580,-2.1365,-1
2.8302,2.8447,1
2.1360,1.5195,1
2.5528,3.4018,1
3.1004,3.2525,1
-4.3481,-2.4565,-1
1.1501,1.3423,1
-2.9729,-2.0273,-1
2.4959,2.3692,1
1.3234,1.6875,1
-2.0759,-3.0637,-1
1.8404,3.0205,1
-2.2632,-2.7975,-1
-4.3330,-2.2565,-1
-1.7083,-3.4426,-1
-3.2015,-2.5754,-1
-1.5630,-1.8993,-1
2.1975,3.5394,1
-3.3883,-2.8772,-1
-3.0833,-3.0233,-1
-3.9054,-2.2376,-1
2.7950,1.7329,1
-2.1522,-2.8009,-1
-2.0339,-1.1142,-1
-1.8919,-2.3166,-1
-2.6236,-3.0568,-1
1.6812,2.6434,1
-1.7673,-3.5611,-1
2.2210,2.1301,1
-2.0695,-1.4301,-1
-2.3757,-2.2186,-1
1.5433,2.8896,1
1.9762,2.8569,1
